월,연도,원인,건수
1,2006,입산자실화,23
1,2006,논밭두렁등소각,3
1,2006,쓰레기소각,3
1,2006,담뱃불실화,4
1,2006,성묘객실화,1
1,2006,어린이불장난,2
1,2006,건축물화재,1
1,2006,기타,11
1,2007,입산자실화,24
1,2007,논밭두렁등소각,9
1,2007,쓰레기소각,3
1,2007,담뱃불실화,11
1,2007,성묘객실화,3
1,2007,어린이불장난,0
1,2007,건축물화재,0
1,2007,기타,11
1,2008,입산자실화,3
1,2008,논밭두렁등소각,1
1,2008,쓰레기소각,0
1,2008,담뱃불실화,2
1,2008,성묘객실화,0
1,2008,어린이불장난,0
1,2008,건축물화재,1
1,2008,기타,0
1,2009,입산자실화,26
1,2009,논밭두렁등소각,6
1,2009,쓰레기소각,8
1,2009,담뱃불실화,6
1,2009,성묘객실화,4
1,2009,어린이불장난,1
1,2009,건축물화재,4
1,2009,기타,9
1,2010,입산자실화,11
1,2010,논밭두렁등소각,0
1,2010,쓰레기소각,2
1,2010,담뱃불실화,3
1,2010,성묘객실화,4
1,2010,어린이불장난,0
1,2010,건축물화재,1
1,2010,기타,3
1,2011,입산자실화,19
1,2011,논밭두렁등소각,4
1,2011,쓰레기소각,2
1,2011,담뱃불실화,1
1,2011,성묘객실화,0
1,2011,어린이불장난,0
1,2011,건축물화재,3
1,2011,기타,4
1,2012,입산자실화,4
1,2012,논밭두렁등소각,0
1,2012,쓰레기소각,0
1,2012,담뱃불실화,0
1,2012,성묘객실화,0
1,2012,어린이불장난,0
1,2012,건축물화재,1
1,2012,기타,1
1,2013,입산자실화,0
1,2013,논밭두렁등소각,2
1,2013,쓰레기소각,1
1,2013,담뱃불실화,1
1,2013,성묘객실화,0
1,2013,어린이불장난,0
1,2013,건축물화재,1
1,2013,기타,2
1,2014,입산자실화,12
1,2014,논밭두렁등소각,8
1,2014,쓰레기소각,9
1,2014,담뱃불실화,4
1,2014,성묘객실화,5
1,2014,어린이불장난,0
1,2014,건축물화재,0
1,2014,기타,11
1,2015,입산자실화,8
1,2015,논밭두렁등소각,1
1,2015,쓰레기소각,0
1,2015,담뱃불실화,0
1,2015,성묘객실화,0
1,2015,어린이불장난,0
1,2015,건축물화재,0
1,2015,기타,7
1,2016,입산자실화,9
1,2016,논밭두렁등소각,4
1,2016,쓰레기소각,11
1,2016,담뱃불실화,1
1,2016,성묘객실화,0
1,2016,어린이불장난,1
1,2016,건축물화재,5
1,2016,기타,5
1,2017,입산자실화,6
1,2017,논밭두렁등소각,2
1,2017,쓰레기소각,6
1,2017,담뱃불실화,0
1,2017,성묘객실화,0
1,2017,어린이불장난,0
1,2017,건축물화재,1
1,2017,기타,6
1,2018,입산자실화,9
1,2018,논밭두렁등소각,4
1,2018,쓰레기소각,3
1,2018,담뱃불실화,2
1,2018,성묘객실화,0
1,2018,어린이불장난,0
1,2018,건축물화재,5
1,2018,기타,6
1,2019,입산자실화,16
1,2019,논밭두렁등소각,6
1,2019,쓰레기소각,16
1,2019,담뱃불실화,5
1,2019,성묘객실화,4
1,2019,어린이불장난,1
1,2019,건축물화재,7
1,2019,기타,51
1,2020,입산자실화,8
1,2020,논밭두렁등소각,1
1,2020,쓰레기소각,4
1,2020,담뱃불실화,5
1,2020,성묘객실화,0
1,2020,어린이불장난,0
1,2020,건축물화재,2
1,2020,기타,9
1,2021,입산자실화,14
1,2021,논밭두렁등소각,0
1,2021,쓰레기소각,2
1,2021,담뱃불실화,6
1,2021,성묘객실화,0
1,2021,어린이불장난,0
1,2021,건축물화재,2
1,2021,기타,20
1,2022,입산자실화,26
1,2022,논밭두렁등소각,3
1,2022,쓰레기소각,10
1,2022,담뱃불실화,5
1,2022,성묘객실화,2
1,2022,건축물화재,6
1,2022,기타,36
1,2023,입산자실화,10
1,2023,논밭두렁등소각,3
1,2023,쓰레기소각,3
1,2023,담뱃불실화,1
1,2023,성묘객실화,2
1,2023,어린이불장난,0
1,2023,건축물화재,2
1,2023,기타,17
1,2024,입산자실화,3
1,2024,논밭두렁등소각,1
1,2024,쓰레기소각,1
1,2024,담뱃불실화,2
1,2024,성묘객실화,0
1,2024,어린이불장난,0
1,2024,건축물화재,2
1,2024,기타,9
1,2025,입산자실화,7
1,2025,논밭두렁등소각,5
1,2025,쓰레기소각,7
1,2025,담뱃불실화,5
1,2025,성묘객실화,2
1,2025,어린이불장난,0
1,2025,건축물화재,5
1,2025,기타,13
2,2006,입산자실화,15
2,2006,논밭두렁등소각,15
2,2006,쓰레기소각,2
2,2006,담뱃불실화,4
2,2006,성묘객실화,0
2,2006,어린이불장난,3
2,2006,건축물화재,0
2,2006,기타,2
2,2007,입산자실화,48
2,2007,논밭두렁등소각,32
2,2007,쓰레기소각,7
2,2007,담뱃불실화,10
2,2007,성묘객실화,7
2,2007,어린이불장난,5
2,2007,건축물화재,1
2,2007,기타,12
2,2008,입산자실화,5
2,2008,논밭두렁등소각,8
2,2008,쓰레기소각,8
2,2008,담뱃불실화,24
2,2008,성묘객실화,9
2,2008,어린이불장난,1
2,2008,건축물화재,2
2,2008,기타,13
2,2009,입산자실화,7
2,2009,논밭두렁등소각,9
2,2009,쓰레기소각,3
2,2009,담뱃불실화,1
2,2009,성묘객실화,1
2,2009,어린이불장난,2
2,2009,건축물화재,3
2,2009,기타,6
2,2010,입산자실화,6
2,2010,논밭두렁등소각,6
2,2010,쓰레기소각,7
2,2010,담뱃불실화,4
2,2010,성묘객실화,0
2,2010,어린이불장난,0
2,2010,건축물화재,3
2,2010,기타,4
2,2011,입산자실화,16
2,2011,논밭두렁등소각,9
2,2011,쓰레기소각,5
2,2011,담뱃불실화,1
2,2011,성묘객실화,5
2,2011,어린이불장난,1
2,2011,건축물화재,2
2,2011,기타,1
2,2012,입산자실화,3
2,2012,논밭두렁등소각,3
2,2012,쓰레기소각,0
2,2012,담뱃불실화,0
2,2012,성묘객실화,2
2,2012,어린이불장난,0
2,2012,건축물화재,1
2,2012,기타,0
2,2013,입산자실화,2
2,2013,논밭두렁등소각,14
2,2013,쓰레기소각,3
2,2013,담뱃불실화,1
2,2013,성묘객실화,0
2,2013,어린이불장난,2
2,2013,건축물화재,1
2,2013,기타,7
2,2014,입산자실화,14
2,2014,논밭두렁등소각,19
2,2014,쓰레기소각,7
2,2014,담뱃불실화,2
2,2014,성묘객실화,2
2,2014,어린이불장난,2
2,2014,건축물화재,3
2,2014,기타,5
2,2015,입산자실화,10
2,2015,논밭두렁등소각,7
2,2015,쓰레기소각,4
2,2015,담뱃불실화,0
2,2015,성묘객실화,2
2,2015,어린이불장난,2
2,2015,건축물화재,1
2,2015,기타,14
2,2016,입산자실화,11
2,2016,논밭두렁등소각,9
2,2016,쓰레기소각,19
2,2016,담뱃불실화,3
2,2016,성묘객실화,3
2,2016,어린이불장난,0
2,2016,건축물화재,1
2,2016,기타,16
2,2017,입산자실화,17
2,2017,논밭두렁등소각,7
2,2017,쓰레기소각,12
2,2017,담뱃불실화,1
2,2017,성묘객실화,2
2,2017,어린이불장난,1
2,2017,건축물화재,2
2,2017,기타,14
2,2018,입산자실화,38
2,2018,논밭두렁등소각,14
2,2018,쓰레기소각,16
2,2018,담뱃불실화,5
2,2018,성묘객실화,11
2,2018,어린이불장난,1
2,2018,건축물화재,13
2,2018,기타,32
2,2019,입산자실화,13
2,2019,논밭두렁등소각,12
2,2019,쓰레기소각,5
2,2019,담뱃불실화,4
2,2019,성묘객실화,3
2,2019,어린이불장난,0
2,2019,건축물화재,13
2,2019,기타,11
2,2020,입산자실화,11
2,2020,논밭두렁등소각,6
2,2020,쓰레기소각,4
2,2020,담뱃불실화,6
2,2020,성묘객실화,1
2,2020,어린이불장난,1
2,2020,건축물화재,6
2,2020,기타,7
2,2021,입산자실화,22
2,2021,논밭두렁등소각,7
2,2021,쓰레기소각,9
2,2021,담뱃불실화,9
2,2021,성묘객실화,8
2,2021,어린이불장난,1
2,2021,건축물화재,6
2,2021,기타,20
2,2022,입산자실화,43
2,2022,논밭두렁등소각,13
2,2022,쓰레기소각,11
2,2022,담뱃불실화,7
2,2022,성묘객실화,5
2,2022,건축물화재,12
2,2022,기타,52
2,2023,입산자실화,21
2,2023,논밭두렁등소각,19
2,2023,쓰레기소각,20
2,2023,담뱃불실화,9
2,2023,성묘객실화,6
2,2023,어린이불장난,0
2,2023,건축물화재,9
2,2023,기타,30
2,2024,입산자실화,1
2,2024,논밭두렁등소각,2
2,2024,쓰레기소각,2
2,2024,담뱃불실화,0
2,2024,성묘객실화,0
2,2024,어린이불장난,0
2,2024,건축물화재,0
2,2024,기타,6
2,2025,입산자실화,10
2,2025,논밭두렁등소각,6
2,2025,쓰레기소각,11
2,2025,담뱃불실화,5
2,2025,성묘객실화,0
2,2025,어린이불장난,0
2,2025,건축물화재,10
2,2025,기타,32
3,2006,입산자실화,73
3,2006,논밭두렁등소각,39
3,2006,쓰레기소각,19
3,2006,담뱃불실화,12
3,2006,성묘객실화,4
3,2006,어린이불장난,7
3,2006,건축물화재,2
3,2006,기타,19
3,2007,입산자실화,23
3,2007,논밭두렁등소각,28
3,2007,쓰레기소각,4
3,2007,담뱃불실화,8
3,2007,성묘객실화,1
3,2007,어린이불장난,2
3,2007,건축물화재,0
3,2007,기타,4
3,2008,입산자실화,20
3,2008,논밭두렁등소각,19
3,2008,쓰레기소각,12
3,2008,담뱃불실화,14
3,2008,성묘객실화,3
3,2008,어린이불장난,2
3,2008,건축물화재,1
3,2008,기타,14
3,2009,입산자실화,31
3,2009,논밭두렁등소각,36
3,2009,쓰레기소각,22
3,2009,담뱃불실화,7
3,2009,성묘객실화,6
3,2009,어린이불장난,2
3,2009,건축물화재,1
3,2009,기타,14
3,2010,입산자실화,5
3,2010,논밭두렁등소각,6
3,2010,쓰레기소각,7
3,2010,담뱃불실화,0
3,2010,성묘객실화,2
3,2010,어린이불장난,1
3,2010,건축물화재,1
3,2010,기타,0
3,2011,입산자실화,29
3,2011,논밭두렁등소각,23
3,2011,쓰레기소각,22
3,2011,담뱃불실화,6
3,2011,성묘객실화,1
3,2011,어린이불장난,1
3,2011,건축물화재,4
3,2011,기타,8
3,2012,입산자실화,5
3,2012,논밭두렁등소각,8
3,2012,쓰레기소각,2
3,2012,담뱃불실화,0
3,2012,성묘객실화,1
3,2012,어린이불장난,1
3,2012,건축물화재,4
3,2012,기타,2
3,2013,입산자실화,11
3,2013,논밭두렁등소각,43
3,2013,쓰레기소각,26
3,2013,담뱃불실화,10
3,2013,성묘객실화,5
3,2013,어린이불장난,2
3,2013,건축물화재,1
3,2013,기타,15
3,2014,입산자실화,26
3,2014,논밭두렁등소각,32
3,2014,쓰레기소각,17
3,2014,담뱃불실화,3
3,2014,성묘객실화,1
3,2014,어린이불장난,0
3,2014,건축물화재,1
3,2014,기타,21
3,2015,입산자실화,37
3,2015,논밭두렁등소각,60
3,2015,쓰레기소각,60
3,2015,담뱃불실화,10
3,2015,성묘객실화,7
3,2015,어린이불장난,1
3,2015,건축물화재,6
3,2015,기타,71
3,2016,입산자실화,18
3,2016,논밭두렁등소각,41
3,2016,쓰레기소각,28
3,2016,담뱃불실화,8
3,2016,성묘객실화,4
3,2016,어린이불장난,0
3,2016,건축물화재,0
3,2016,기타,17
3,2017,입산자실화,39
3,2017,논밭두렁등소각,51
3,2017,쓰레기소각,32
3,2017,담뱃불실화,7
3,2017,성묘객실화,9
3,2017,어린이불장난,1
3,2017,건축물화재,17
3,2017,기타,36
3,2018,입산자실화,10
3,2018,논밭두렁등소각,24
3,2018,쓰레기소각,13
3,2018,담뱃불실화,2
3,2018,성묘객실화,4
3,2018,어린이불장난,0
3,2018,건축물화재,11
3,2018,기타,19
3,2019,입산자실화,25
3,2019,논밭두렁등소각,25
3,2019,쓰레기소각,31
3,2019,담뱃불실화,3
3,2019,성묘객실화,2
3,2019,어린이불장난,0
3,2019,건축물화재,12
3,2019,기타,43
3,2020,입산자실화,54
3,2020,논밭두렁등소각,20
3,2020,쓰레기소각,31
3,2020,담뱃불실화,22
3,2020,성묘객실화,4
3,2020,어린이불장난,0
3,2020,건축물화재,15
3,2020,기타,25
3,2021,입산자실화,10
3,2021,논밭두렁등소각,11
3,2021,쓰레기소각,4
3,2021,담뱃불실화,6
3,2021,성묘객실화,3
3,2021,어린이불장난,0
3,2021,건축물화재,3
3,2021,기타,7
3,2022,입산자실화,20
3,2022,논밭두렁등소각,8
3,2022,쓰레기소각,6
3,2022,담뱃불실화,10
3,2022,성묘객실화,1
3,2022,건축물화재,6
3,2022,기타,31
3,2023,입산자실화,61
3,2023,논밭두렁등소각,25
3,2023,쓰레기소각,31
3,2023,담뱃불실화,24
3,2023,성묘객실화,7
3,2023,어린이불장난,0
3,2023,건축물화재,14
3,2023,기타,67
3,2024,입산자실화,6
3,2024,논밭두렁등소각,11
3,2024,쓰레기소각,14
3,2024,담뱃불실화,13
3,2024,성묘객실화,2
3,2024,어린이불장난,0
3,2024,건축물화재,6
3,2024,기타,22
3,2025,입산자실화,13
3,2025,논밭두렁등소각,13
3,2025,쓰레기소각,21
3,2025,담뱃불실화,12
3,2025,성묘객실화,11
3,2025,어린이불장난,0
3,2025,건축물화재,12
3,2025,기타,62
4,2006,입산자실화,24
4,2006,논밭두렁등소각,4
4,2006,쓰레기소각,6
4,2006,담뱃불실화,3
4,2006,성묘객실화,0
4,2006,어린이불장난,1
4,2006,건축물화재,1
4,2006,기타,10
4,2007,입산자실화,62
4,2007,논밭두렁등소각,17
4,2007,쓰레기소각,5
4,2007,담뱃불실화,4
4,2007,성묘객실화,12
4,2007,어린이불장난,0
4,2007,건축물화재,1
4,2007,기타,9
4,2008,입산자실화,35
4,2008,논밭두렁등소각,13
4,2008,쓰레기소각,13
4,2008,담뱃불실화,4
4,2008,성묘객실화,5
4,2008,어린이불장난,1
4,2008,건축물화재,2
4,2008,기타,6
4,2009,입산자실화,85
4,2009,논밭두렁등소각,28
4,2009,쓰레기소각,22
4,2009,담뱃불실화,13
4,2009,성묘객실화,16
4,2009,어린이불장난,1
4,2009,건축물화재,5
4,2009,기타,36
4,2010,입산자실화,12
4,2010,논밭두렁등소각,18
4,2010,쓰레기소각,8
4,2010,담뱃불실화,3
4,2010,성묘객실화,7
4,2010,어린이불장난,0
4,2010,건축물화재,1
4,2010,기타,2
4,2011,입산자실화,30
4,2011,논밭두렁등소각,27
4,2011,쓰레기소각,8
4,2011,담뱃불실화,0
4,2011,성묘객실화,5
4,2011,어린이불장난,1
4,2011,건축물화재,2
4,2011,기타,7
4,2012,입산자실화,18
4,2012,논밭두렁등소각,3
4,2012,쓰레기소각,6
4,2012,담뱃불실화,8
4,2012,성묘객실화,3
4,2012,어린이불장난,2
4,2012,건축물화재,1
4,2012,기타,4
4,2013,입산자실화,28
4,2013,논밭두렁등소각,14
4,2013,쓰레기소각,7
4,2013,담뱃불실화,5
4,2013,성묘객실화,3
4,2013,어린이불장난,0
4,2013,건축물화재,2
4,2013,기타,10
4,2014,입산자실화,85
4,2014,논밭두렁등소각,25
4,2014,쓰레기소각,19
4,2014,담뱃불실화,10
4,2014,성묘객실화,1
4,2014,어린이불장난,0
4,2014,건축물화재,4
4,2014,기타,22
4,2015,입산자실화,18
4,2015,논밭두렁등소각,5
4,2015,쓰레기소각,3
4,2015,담뱃불실화,0
4,2015,성묘객실화,2
4,2015,어린이불장난,0
4,2015,건축물화재,3
4,2015,기타,18
4,2016,입산자실화,27
4,2016,논밭두렁등소각,16
4,2016,쓰레기소각,15
4,2016,담뱃불실화,2
4,2016,성묘객실화,7
4,2016,어린이불장난,0
4,2016,건축물화재,5
4,2016,기타,14
4,2017,입산자실화,50
4,2017,논밭두렁등소각,12
4,2017,쓰레기소각,23
4,2017,담뱃불실화,5
4,2017,성묘객실화,6
4,2017,어린이불장난,0
4,2017,건축물화재,3
4,2017,기타,23
4,2018,입산자실화,33
4,2018,논밭두렁등소각,18
4,2018,쓰레기소각,9
4,2018,담뱃불실화,1
4,2018,성묘객실화,6
4,2018,어린이불장난,0
4,2018,건축물화재,5
4,2018,기타,16
4,2019,입산자실화,38
4,2019,논밭두렁등소각,18
4,2019,쓰레기소각,22
4,2019,담뱃불실화,7
4,2019,성묘객실화,9
4,2019,어린이불장난,0
4,2019,건축물화재,11
4,2019,기타,47
4,2020,입산자실화,64
4,2020,논밭두렁등소각,12
4,2020,쓰레기소각,11
4,2020,담뱃불실화,18
4,2020,성묘객실화,3
4,2020,어린이불장난,0
4,2020,건축물화재,15
4,2020,기타,61
4,2021,입산자실화,52
4,2021,논밭두렁등소각,4
4,2021,쓰레기소각,4
4,2021,담뱃불실화,8
4,2021,성묘객실화,4
4,2021,어린이불장난,0
4,2021,건축물화재,2
4,2021,기타,20
4,2022,입산자실화,66
4,2022,논밭두렁등소각,11
4,2022,쓰레기소각,20
4,2022,담뱃불실화,9
4,2022,성묘객실화,3
4,2022,건축물화재,8
4,2022,기타,63
4,2023,입산자실화,39
4,2023,논밭두렁등소각,5
4,2023,쓰레기소각,8
4,2023,담뱃불실화,15
4,2023,성묘객실화,6
4,2023,어린이불장난,1
4,2023,건축물화재,4
4,2023,기타,30
4,2024,입산자실화,22
4,2024,논밭두렁등소각,5
4,2024,쓰레기소각,3
4,2024,담뱃불실화,12
4,2024,성묘객실화,1
4,2024,어린이불장난,1
4,2024,건축물화재,0
4,2024,기타,23
4,2025,입산자실화,18
4,2025,논밭두렁등소각,3
4,2025,쓰레기소각,4
4,2025,담뱃불실화,10
4,2025,성묘객실화,2
4,2025,어린이불장난,1
4,2025,건축물화재,4
4,2025,기타,40
5,2006,입산자실화,17
5,2006,논밭두렁등소각,0
5,2006,쓰레기소각,2
5,2006,담뱃불실화,2
5,2006,성묘객실화,1
5,2006,어린이불장난,0
5,2006,건축물화재,0
5,2006,기타,5
5,2007,입산자실화,7
5,2007,논밭두렁등소각,1
5,2007,쓰레기소각,0
5,2007,담뱃불실화,1
5,2007,성묘객실화,0
5,2007,어린이불장난,0
5,2007,건축물화재,0
5,2007,기타,2
5,2008,입산자실화,25
5,2008,논밭두렁등소각,2
5,2008,쓰레기소각,2
5,2008,담뱃불실화,1
5,2008,성묘객실화,1
5,2008,어린이불장난,1
5,2008,건축물화재,0
5,2008,기타,0
5,2009,입산자실화,33
5,2009,논밭두렁등소각,5
5,2009,쓰레기소각,3
5,2009,담뱃불실화,1
5,2009,성묘객실화,1
5,2009,어린이불장난,0
5,2009,건축물화재,0
5,2009,기타,9
5,2010,입산자실화,32
5,2010,논밭두렁등소각,4
5,2010,쓰레기소각,0
5,2010,담뱃불실화,1
5,2010,성묘객실화,1
5,2010,어린이불장난,0
5,2010,건축물화재,2
5,2010,기타,5
5,2011,입산자실화,3
5,2011,논밭두렁등소각,1
5,2011,쓰레기소각,1
5,2011,담뱃불실화,0
5,2011,성묘객실화,0
5,2011,어린이불장난,0
5,2011,건축물화재,0
5,2011,기타,1
5,2012,입산자실화,26
5,2012,논밭두렁등소각,1
5,2012,쓰레기소각,3
5,2012,담뱃불실화,0
5,2012,성묘객실화,0
5,2012,어린이불장난,0
5,2012,건축물화재,0
5,2012,기타,24
5,2013,입산자실화,26
5,2013,논밭두렁등소각,2
5,2013,쓰레기소각,1
5,2013,담뱃불실화,1
5,2013,성묘객실화,0
5,2013,어린이불장난,0
5,2013,건축물화재,0
5,2013,기타,0
5,2014,입산자실화,29
5,2014,논밭두렁등소각,7
5,2014,쓰레기소각,8
5,2014,담뱃불실화,1
5,2014,성묘객실화,0
5,2014,어린이불장난,0
5,2014,건축물화재,0
5,2014,기타,10
5,2015,입산자실화,39
5,2015,논밭두렁등소각,9
5,2015,쓰레기소각,3
5,2015,담뱃불실화,3
5,2015,성묘객실화,0
5,2015,어린이불장난,1
5,2015,건축물화재,0
5,2015,기타,21
5,2016,입산자실화,10
5,2016,논밭두렁등소각,3
5,2016,쓰레기소각,2
5,2016,담뱃불실화,0
5,2016,성묘객실화,0
5,2016,어린이불장난,0
5,2016,건축물화재,0
5,2016,기타,6
5,2017,입산자실화,59
5,2017,논밭두렁등소각,10
5,2017,쓰레기소각,11
5,2017,담뱃불실화,4
5,2017,성묘객실화,0
5,2017,어린이불장난,0
5,2017,건축물화재,3
5,2017,기타,17
5,2018,입산자실화,2
5,2018,논밭두렁등소각,0
5,2018,쓰레기소각,0
5,2018,담뱃불실화,0
5,2018,성묘객실화,1
5,2018,어린이불장난,0
5,2018,건축물화재,0
5,2018,기타,0
5,2019,입산자실화,57
5,2019,논밭두렁등소각,1
5,2019,쓰레기소각,6
5,2019,담뱃불실화,0
5,2019,성묘객실화,2
5,2019,어린이불장난,1
5,2019,건축물화재,2
5,2019,기타,30
5,2020,입산자실화,8
5,2020,논밭두렁등소각,1
5,2020,쓰레기소각,3
5,2020,담뱃불실화,4
5,2020,성묘객실화,0
5,2020,어린이불장난,0
5,2020,건축물화재,2
5,2020,기타,8
5,2021,입산자실화,9
5,2021,논밭두렁등소각,0
5,2021,쓰레기소각,1
5,2021,담뱃불실화,1
5,2021,성묘객실화,1
5,2021,어린이불장난,2
5,2021,건축물화재,1
5,2021,기타,5
5,2022,입산자실화,41
5,2022,논밭두렁등소각,4
5,2022,쓰레기소각,4
5,2022,담뱃불실화,9
5,2022,성묘객실화,2
5,2022,건축물화재,7
5,2022,기타,48
5,2023,입산자실화,16
5,2023,논밭두렁등소각,2
5,2023,쓰레기소각,4
5,2023,담뱃불실화,3
5,2023,성묘객실화,1
5,2023,어린이불장난,0
5,2023,건축물화재,0
5,2023,기타,7
5,2024,입산자실화,6
5,2024,논밭두렁등소각,2
5,2024,쓰레기소각,0
5,2024,담뱃불실화,1
5,2024,성묘객실화,0
5,2024,어린이불장난,0
5,2024,건축물화재,0
5,2024,기타,8
5,2025,입산자실화,2
5,2025,논밭두렁등소각,0
5,2025,쓰레기소각,1
5,2025,담뱃불실화,0
5,2025,성묘객실화,0
5,2025,어린이불장난,0
5,2025,건축물화재,1
5,2025,기타,2
6,2006,입산자실화,0
6,2006,논밭두렁등소각,0
6,2006,쓰레기소각,1
6,2006,담뱃불실화,0
6,2006,성묘객실화,0
6,2006,어린이불장난,0
6,2006,건축물화재,0
6,2006,기타,0
6,2007,입산자실화,10
6,2007,논밭두렁등소각,5
6,2007,쓰레기소각,2
6,2007,담뱃불실화,0
6,2007,성묘객실화,0
6,2007,어린이불장난,0
6,2007,건축물화재,0
6,2007,기타,1
6,2008,입산자실화,2
6,2008,논밭두렁등소각,0
6,2008,쓰레기소각,0
6,2008,담뱃불실화,0
6,2008,성묘객실화,0
6,2008,어린이불장난,0
6,2008,건축물화재,0
6,2008,기타,0
6,2009,입산자실화,9
6,2009,논밭두렁등소각,3
6,2009,쓰레기소각,0
6,2009,담뱃불실화,0
6,2009,성묘객실화,1
6,2009,어린이불장난,0
6,2009,건축물화재,0
6,2009,기타,4
6,2010,입산자실화,11
6,2010,논밭두렁등소각,3
6,2010,쓰레기소각,2
6,2010,담뱃불실화,1
6,2010,성묘객실화,0
6,2010,어린이불장난,0
6,2010,건축물화재,2
6,2010,기타,2
6,2011,입산자실화,7
6,2011,논밭두렁등소각,1
6,2011,쓰레기소각,0
6,2011,담뱃불실화,0
6,2011,성묘객실화,0
6,2011,어린이불장난,0
6,2011,건축물화재,0
6,2011,기타,1
6,2012,입산자실화,13
6,2012,논밭두렁등소각,3
6,2012,쓰레기소각,0
6,2012,담뱃불실화,0
6,2012,성묘객실화,1
6,2012,어린이불장난,0
6,2012,건축물화재,0
6,2012,기타,18
6,2013,입산자실화,2
6,2013,논밭두렁등소각,1
6,2013,쓰레기소각,0
6,2013,담뱃불실화,0
6,2013,성묘객실화,0
6,2013,어린이불장난,0
6,2013,건축물화재,0
6,2013,기타,3
6,2014,입산자실화,7
6,2014,논밭두렁등소각,1
6,2014,쓰레기소각,2
6,2014,담뱃불실화,1
6,2014,성묘객실화,0
6,2014,어린이불장난,0
6,2014,건축물화재,0
6,2014,기타,2
6,2015,입산자실화,28
6,2015,논밭두렁등소각,9
6,2015,쓰레기소각,11
6,2015,담뱃불실화,3
6,2015,성묘객실화,0
6,2015,어린이불장난,0
6,2015,건축물화재,2
6,2015,기타,35
6,2016,입산자실화,15
6,2016,논밭두렁등소각,4
6,2016,쓰레기소각,4
6,2016,담뱃불실화,0
6,2016,성묘객실화,0
6,2016,어린이불장난,0
6,2016,건축물화재,1
6,2016,기타,4
6,2017,입산자실화,45
6,2017,논밭두렁등소각,7
6,2017,쓰레기소각,7
6,2017,담뱃불실화,3
6,2017,성묘객실화,1
6,2017,어린이불장난,0
6,2017,건축물화재,2
6,2017,기타,21
6,2018,입산자실화,27
6,2018,논밭두렁등소각,3
6,2018,쓰레기소각,3
6,2018,담뱃불실화,0
6,2018,성묘객실화,0
6,2018,어린이불장난,0
6,2018,건축물화재,2
6,2018,기타,10
6,2019,입산자실화,7
6,2019,논밭두렁등소각,2
6,2019,쓰레기소각,1
6,2019,담뱃불실화,1
6,2019,성묘객실화,0
6,2019,어린이불장난,0
6,2019,건축물화재,2
6,2019,기타,2
6,2020,입산자실화,11
6,2020,논밭두렁등소각,4
6,2020,쓰레기소각,2
6,2020,담뱃불실화,5
6,2020,성묘객실화,0
6,2020,어린이불장난,0
6,2020,건축물화재,3
6,2020,기타,13
6,2021,입산자실화,0
6,2021,논밭두렁등소각,0
6,2021,쓰레기소각,1
6,2021,담뱃불실화,0
6,2021,성묘객실화,0
6,2021,어린이불장난,0
6,2021,건축물화재,0
6,2021,기타,2
6,2022,입산자실화,9
6,2022,논밭두렁등소각,0
6,2022,쓰레기소각,1
6,2022,담뱃불실화,5
6,2022,성묘객실화,1
6,2022,건축물화재,1
6,2022,기타,9
6,2023,입산자실화,5
6,2023,논밭두렁등소각,0
6,2023,쓰레기소각,1
6,2023,담뱃불실화,1
6,2023,성묘객실화,0
6,2023,어린이불장난,0
6,2023,건축물화재,0
6,2023,기타,4
6,2024,입산자실화,3
6,2024,논밭두렁등소각,0
6,2024,쓰레기소각,1
6,2024,담뱃불실화,1
6,2024,성묘객실화,0
6,2024,어린이불장난,0
6,2024,건축물화재,3
6,2024,기타,20
6,2025,입산자실화,4
6,2025,논밭두렁등소각,3
6,2025,쓰레기소각,6
6,2025,담뱃불실화,0
6,2025,성묘객실화,0
6,2025,어린이불장난,0
6,2025,건축물화재,2
6,2025,기타,12
7,2006,입산자실화,0
7,2006,논밭두렁등소각,0
7,2006,쓰레기소각,0
7,2006,담뱃불실화,0
7,2006,성묘객실화,0
7,2006,어린이불장난,0
7,2006,건축물화재,0
7,2006,기타,0
7,2007,입산자실화,0
7,2007,논밭두렁등소각,0
7,2007,쓰레기소각,0
7,2007,담뱃불실화,0
7,2007,성묘객실화,0
7,2007,어린이불장난,0
7,2007,건축물화재,0
7,2007,기타,0
7,2008,입산자실화,0
7,2008,논밭두렁등소각,0
7,2008,쓰레기소각,0
7,2008,담뱃불실화,0
7,2008,성묘객실화,0
7,2008,어린이불장난,0
7,2008,건축물화재,0
7,2008,기타,0
7,2009,입산자실화,0
7,2009,논밭두렁등소각,0
7,2009,쓰레기소각,0
7,2009,담뱃불실화,0
7,2009,성묘객실화,0
7,2009,어린이불장난,0
7,2009,건축물화재,0
7,2009,기타,0
7,2010,입산자실화,0
7,2010,논밭두렁등소각,0
7,2010,쓰레기소각,0
7,2010,담뱃불실화,0
7,2010,성묘객실화,0
7,2010,어린이불장난,0
7,2010,건축물화재,0
7,2010,기타,0
7,2011,입산자실화,0
7,2011,논밭두렁등소각,0
7,2011,쓰레기소각,0
7,2011,담뱃불실화,0
7,2011,성묘객실화,0
7,2011,어린이불장난,0
7,2011,건축물화재,0
7,2011,기타,0
7,2012,입산자실화,0
7,2012,논밭두렁등소각,0
7,2012,쓰레기소각,0
7,2012,담뱃불실화,0
7,2012,성묘객실화,0
7,2012,어린이불장난,0
7,2012,건축물화재,0
7,2012,기타,0
7,2013,입산자실화,0
7,2013,논밭두렁등소각,0
7,2013,쓰레기소각,0
7,2013,담뱃불실화,0
7,2013,성묘객실화,0
7,2013,어린이불장난,0
7,2013,건축물화재,0
7,2013,기타,0
7,2014,입산자실화,7
7,2014,논밭두렁등소각,1
7,2014,쓰레기소각,1
7,2014,담뱃불실화,0
7,2014,성묘객실화,0
7,2014,어린이불장난,0
7,2014,건축물화재,0
7,2014,기타,2
7,2015,입산자실화,3
7,2015,논밭두렁등소각,0
7,2015,쓰레기소각,0
7,2015,담뱃불실화,1
7,2015,성묘객실화,0
7,2015,어린이불장난,0
7,2015,건축물화재,0
7,2015,기타,0
7,2016,입산자실화,1
7,2016,논밭두렁등소각,0
7,2016,쓰레기소각,0
7,2016,담뱃불실화,0
7,2016,성묘객실화,0
7,2016,어린이불장난,0
7,2016,건축물화재,0
7,2016,기타,0
7,2017,입산자실화,0
7,2017,논밭두렁등소각,0
7,2017,쓰레기소각,0
7,2017,담뱃불실화,0
7,2017,성묘객실화,0
7,2017,어린이불장난,0
7,2017,건축물화재,0
7,2017,기타,3
7,2018,입산자실화,5
7,2018,논밭두렁등소각,2
7,2018,쓰레기소각,0
7,2018,담뱃불실화,0
7,2018,성묘객실화,0
7,2018,어린이불장난,0
7,2018,건축물화재,0
7,2018,기타,8
7,2019,입산자실화,5
7,2019,논밭두렁등소각,2
7,2019,쓰레기소각,1
7,2019,담뱃불실화,1
7,2019,성묘객실화,0
7,2019,어린이불장난,0
7,2019,건축물화재,2
7,2019,기타,4
7,2020,입산자실화,0
7,2020,논밭두렁등소각,0
7,2020,쓰레기소각,0
7,2020,담뱃불실화,0
7,2020,성묘객실화,0
7,2020,어린이불장난,0
7,2020,건축물화재,0
7,2020,기타,0
7,2021,입산자실화,3
7,2021,논밭두렁등소각,0
7,2021,쓰레기소각,0
7,2021,담뱃불실화,0
7,2021,성묘객실화,0
7,2021,어린이불장난,0
7,2021,건축물화재,1
7,2021,기타,3
7,2022,입산자실화,2
7,2022,논밭두렁등소각,0
7,2022,쓰레기소각,0
7,2022,담뱃불실화,0
7,2022,성묘객실화,0
7,2022,건축물화재,0
7,2022,기타,1
7,2023,입산자실화,0
7,2023,논밭두렁등소각,0
7,2023,쓰레기소각,0
7,2023,담뱃불실화,0
7,2023,성묘객실화,0
7,2023,어린이불장난,0
7,2023,건축물화재,0
7,2023,기타,0
7,2024,입산자실화,0
7,2024,논밭두렁등소각,0
7,2024,쓰레기소각,0
7,2024,담뱃불실화,0
7,2024,성묘객실화,0
7,2024,어린이불장난,0
7,2024,건축물화재,0
7,2024,기타,0
7,2025,입산자실화,1
7,2025,논밭두렁등소각,0
7,2025,쓰레기소각,1
7,2025,담뱃불실화,0
7,2025,성묘객실화,1
7,2025,어린이불장난,0
7,2025,건축물화재,0
7,2025,기타,8
8,2006,입산자실화,0
8,2006,논밭두렁등소각,0
8,2006,쓰레기소각,0
8,2006,담뱃불실화,0
8,2006,성묘객실화,0
8,2006,어린이불장난,0
8,2006,건축물화재,0
8,2006,기타,0
8,2007,입산자실화,0
8,2007,논밭두렁등소각,0
8,2007,쓰레기소각,0
8,2007,담뱃불실화,0
8,2007,성묘객실화,0
8,2007,어린이불장난,0
8,2007,건축물화재,0
8,2007,기타,0
8,2008,입산자실화,0
8,2008,논밭두렁등소각,0
8,2008,쓰레기소각,0
8,2008,담뱃불실화,0
8,2008,성묘객실화,2
8,2008,어린이불장난,0
8,2008,건축물화재,0
8,2008,기타,0
8,2009,입산자실화,0
8,2009,논밭두렁등소각,0
8,2009,쓰레기소각,0
8,2009,담뱃불실화,0
8,2009,성묘객실화,0
8,2009,어린이불장난,0
8,2009,건축물화재,0
8,2009,기타,0
8,2010,입산자실화,0
8,2010,논밭두렁등소각,0
8,2010,쓰레기소각,0
8,2010,담뱃불실화,0
8,2010,성묘객실화,0
8,2010,어린이불장난,0
8,2010,건축물화재,0
8,2010,기타,0
8,2011,입산자실화,0
8,2011,논밭두렁등소각,0
8,2011,쓰레기소각,0
8,2011,담뱃불실화,0
8,2011,성묘객실화,0
8,2011,어린이불장난,0
8,2011,건축물화재,0
8,2011,기타,0
8,2012,입산자실화,2
8,2012,논밭두렁등소각,0
8,2012,쓰레기소각,0
8,2012,담뱃불실화,0
8,2012,성묘객실화,0
8,2012,어린이불장난,0
8,2012,건축물화재,0
8,2012,기타,1
8,2013,입산자실화,4
8,2013,논밭두렁등소각,0
8,2013,쓰레기소각,0
8,2013,담뱃불실화,1
8,2013,성묘객실화,0
8,2013,어린이불장난,0
8,2013,건축물화재,0
8,2013,기타,2
8,2014,입산자실화,0
8,2014,논밭두렁등소각,0
8,2014,쓰레기소각,0
8,2014,담뱃불실화,0
8,2014,성묘객실화,0
8,2014,어린이불장난,0
8,2014,건축물화재,0
8,2014,기타,0
8,2015,입산자실화,5
8,2015,논밭두렁등소각,0
8,2015,쓰레기소각,0
8,2015,담뱃불실화,1
8,2015,성묘객실화,0
8,2015,어린이불장난,0
8,2015,건축물화재,0
8,2015,기타,2
8,2016,입산자실화,4
8,2016,논밭두렁등소각,0
8,2016,쓰레기소각,1
8,2016,담뱃불실화,0
8,2016,성묘객실화,2
8,2016,어린이불장난,0
8,2016,건축물화재,0
8,2016,기타,7
8,2017,입산자실화,0
8,2017,논밭두렁등소각,0
8,2017,쓰레기소각,0
8,2017,담뱃불실화,0
8,2017,성묘객실화,0
8,2017,어린이불장난,0
8,2017,건축물화재,0
8,2017,기타,0
8,2018,입산자실화,21
8,2018,논밭두렁등소각,1
8,2018,쓰레기소각,4
8,2018,담뱃불실화,1
8,2018,성묘객실화,3
8,2018,어린이불장난,0
8,2018,건축물화재,1
8,2018,기타,15
8,2019,입산자실화,1
8,2019,논밭두렁등소각,0
8,2019,쓰레기소각,0
8,2019,담뱃불실화,0
8,2019,성묘객실화,0
8,2019,어린이불장난,0
8,2019,건축물화재,1
8,2019,기타,2
8,2020,입산자실화,0
8,2020,논밭두렁등소각,0
8,2020,쓰레기소각,0
8,2020,담뱃불실화,0
8,2020,성묘객실화,0
8,2020,어린이불장난,0
8,2020,건축물화재,0
8,2020,기타,1
8,2021,입산자실화,4
8,2021,논밭두렁등소각,0
8,2021,쓰레기소각,0
8,2021,담뱃불실화,0
8,2021,성묘객실화,0
8,2021,어린이불장난,0
8,2021,건축물화재,0
8,2021,기타,2
8,2022,입산자실화,0
8,2022,논밭두렁등소각,0
8,2022,쓰레기소각,0
8,2022,담뱃불실화,0
8,2022,성묘객실화,0
8,2022,건축물화재,0
8,2022,기타,0
8,2023,입산자실화,0
8,2023,논밭두렁등소각,0
8,2023,쓰레기소각,0
8,2023,담뱃불실화,0
8,2023,성묘객실화,0
8,2023,어린이불장난,0
8,2023,건축물화재,0
8,2023,기타,1
8,2024,입산자실화,1
8,2024,논밭두렁등소각,0
8,2024,쓰레기소각,1
8,2024,담뱃불실화,0
8,2024,성묘객실화,2
8,2024,어린이불장난,0
8,2024,건축물화재,0
8,2024,기타,3
8,2025,입산자실화,1
8,2025,논밭두렁등소각,1
8,2025,쓰레기소각,1
8,2025,담뱃불실화,1
8,2025,성묘객실화,0
8,2025,어린이불장난,0
8,2025,건축물화재,2
8,2025,기타,2
9,2006,입산자실화,4
9,2006,논밭두렁등소각,0
9,2006,쓰레기소각,0
9,2006,담뱃불실화,0
9,2006,성묘객실화,2
9,2006,어린이불장난,0
9,2006,건축물화재,0
9,2006,기타,1
9,2007,입산자실화,0
9,2007,논밭두렁등소각,0
9,2007,쓰레기소각,0
9,2007,담뱃불실화,0
9,2007,성묘객실화,0
9,2007,어린이불장난,0
9,2007,건축물화재,0
9,2007,기타,0
9,2008,입산자실화,5
9,2008,논밭두렁등소각,1
9,2008,쓰레기소각,1
9,2008,담뱃불실화,1
9,2008,성묘객실화,4
9,2008,어린이불장난,0
9,2008,건축물화재,0
9,2008,기타,1
9,2009,입산자실화,5
9,2009,논밭두렁등소각,1
9,2009,쓰레기소각,0
9,2009,담뱃불실화,2
9,2009,성묘객실화,4
9,2009,어린이불장난,0
9,2009,건축물화재,0
9,2009,기타,1
9,2010,입산자실화,0
9,2010,논밭두렁등소각,0
9,2010,쓰레기소각,0
9,2010,담뱃불실화,0
9,2010,성묘객실화,0
9,2010,어린이불장난,0
9,2010,건축물화재,0
9,2010,기타,0
9,2011,입산자실화,0
9,2011,논밭두렁등소각,0
9,2011,쓰레기소각,0
9,2011,담뱃불실화,0
9,2011,성묘객실화,0
9,2011,어린이불장난,0
9,2011,건축물화재,0
9,2011,기타,0
9,2012,입산자실화,0
9,2012,논밭두렁등소각,0
9,2012,쓰레기소각,0
9,2012,담뱃불실화,0
9,2012,성묘객실화,0
9,2012,어린이불장난,0
9,2012,건축물화재,0
9,2012,기타,1
9,2013,입산자실화,1
9,2013,논밭두렁등소각,0
9,2013,쓰레기소각,2
9,2013,담뱃불실화,0
9,2013,성묘객실화,0
9,2013,어린이불장난,0
9,2013,건축물화재,0
9,2013,기타,0
9,2014,입산자실화,2
9,2014,논밭두렁등소각,0
9,2014,쓰레기소각,1
9,2014,담뱃불실화,1
9,2014,성묘객실화,0
9,2014,어린이불장난,0
9,2014,건축물화재,0
9,2014,기타,0
9,2015,입산자실화,16
9,2015,논밭두렁등소각,4
9,2015,쓰레기소각,2
9,2015,담뱃불실화,0
9,2015,성묘객실화,8
9,2015,어린이불장난,0
9,2015,건축물화재,0
9,2015,기타,3
9,2016,입산자실화,3
9,2016,논밭두렁등소각,0
9,2016,쓰레기소각,0
9,2016,담뱃불실화,0
9,2016,성묘객실화,2
9,2016,어린이불장난,0
9,2016,건축물화재,0
9,2016,기타,0
9,2017,입산자실화,3
9,2017,논밭두렁등소각,0
9,2017,쓰레기소각,1
9,2017,담뱃불실화,0
9,2017,성묘객실화,0
9,2017,어린이불장난,0
9,2017,건축물화재,0
9,2017,기타,0
9,2018,입산자실화,1
9,2018,논밭두렁등소각,0
9,2018,쓰레기소각,0
9,2018,담뱃불실화,0
9,2018,성묘객실화,0
9,2018,어린이불장난,0
9,2018,건축물화재,0
9,2018,기타,2
9,2019,입산자실화,1
9,2019,논밭두렁등소각,0
9,2019,쓰레기소각,1
9,2019,담뱃불실화,0
9,2019,성묘객실화,0
9,2019,어린이불장난,0
9,2019,건축물화재,0
9,2019,기타,0
9,2020,입산자실화,2
9,2020,논밭두렁등소각,0
9,2020,쓰레기소각,0
9,2020,담뱃불실화,0
9,2020,성묘객실화,0
9,2020,어린이불장난,0
9,2020,건축물화재,0
9,2020,기타,0
9,2021,입산자실화,0
9,2021,논밭두렁등소각,0
9,2021,쓰레기소각,1
9,2021,담뱃불실화,0
9,2021,성묘객실화,0
9,2021,어린이불장난,0
9,2021,건축물화재,0
9,2021,기타,0
9,2022,입산자실화,5
9,2022,논밭두렁등소각,0
9,2022,쓰레기소각,1
9,2022,담뱃불실화,0
9,2022,성묘객실화,0
9,2022,건축물화재,0
9,2022,기타,5
9,2023,입산자실화,0
9,2023,논밭두렁등소각,0
9,2023,쓰레기소각,0
9,2023,담뱃불실화,1
9,2023,성묘객실화,1
9,2023,어린이불장난,0
9,2023,건축물화재,0
9,2023,기타,0
9,2024,입산자실화,0
9,2024,논밭두렁등소각,1
9,2024,쓰레기소각,0
9,2024,담뱃불실화,0
9,2024,성묘객실화,1
9,2024,어린이불장난,0
9,2024,건축물화재,0
9,2024,기타,4
9,2025,입산자실화,0
9,2025,논밭두렁등소각,0
9,2025,쓰레기소각,0
9,2025,담뱃불실화,0
9,2025,성묘객실화,1
9,2025,어린이불장난,0
9,2025,건축물화재,0
9,2025,기타,0
10,2006,입산자실화,13
10,2006,논밭두렁등소각,2
10,2006,쓰레기소각,1
10,2006,담뱃불실화,1
10,2006,성묘객실화,4
10,2006,어린이불장난,0
10,2006,건축물화재,1
10,2006,기타,3
10,2007,입산자실화,1
10,2007,논밭두렁등소각,0
10,2007,쓰레기소각,0
10,2007,담뱃불실화,0
10,2007,성묘객실화,0
10,2007,어린이불장난,0
10,2007,건축물화재,0
10,2007,기타,0
10,2008,입산자실화,14
10,2008,논밭두렁등소각,8
10,2008,쓰레기소각,1
10,2008,담뱃불실화,1
10,2008,성묘객실화,0
10,2008,어린이불장난,0
10,2008,건축물화재,0
10,2008,기타,1
10,2009,입산자실화,10
10,2009,논밭두렁등소각,3
10,2009,쓰레기소각,2
10,2009,담뱃불실화,0
10,2009,성묘객실화,3
10,2009,어린이불장난,0
10,2009,건축물화재,1
10,2009,기타,4
10,2010,입산자실화,3
10,2010,논밭두렁등소각,0
10,2010,쓰레기소각,0
10,2010,담뱃불실화,0
10,2010,성묘객실화,0
10,2010,어린이불장난,0
10,2010,건축물화재,0
10,2010,기타,2
10,2011,입산자실화,2
10,2011,논밭두렁등소각,0
10,2011,쓰레기소각,0
10,2011,담뱃불실화,2
10,2011,성묘객실화,0
10,2011,어린이불장난,0
10,2011,건축물화재,0
10,2011,기타,2
10,2012,입산자실화,10
10,2012,논밭두렁등소각,0
10,2012,쓰레기소각,1
10,2012,담뱃불실화,0
10,2012,성묘객실화,0
10,2012,어린이불장난,0
10,2012,건축물화재,0
10,2012,기타,3
10,2013,입산자실화,6
10,2013,논밭두렁등소각,0
10,2013,쓰레기소각,0
10,2013,담뱃불실화,1
10,2013,성묘객실화,1
10,2013,어린이불장난,0
10,2013,건축물화재,0
10,2013,기타,3
10,2014,입산자실화,7
10,2014,논밭두렁등소각,3
10,2014,쓰레기소각,2
10,2014,담뱃불실화,1
10,2014,성묘객실화,0
10,2014,어린이불장난,0
10,2014,건축물화재,0
10,2014,기타,3
10,2015,입산자실화,21
10,2015,논밭두렁등소각,3
10,2015,쓰레기소각,2
10,2015,담뱃불실화,3
10,2015,성묘객실화,0
10,2015,어린이불장난,1
10,2015,건축물화재,0
10,2015,기타,11
10,2016,입산자실화,0
10,2016,논밭두렁등소각,0
10,2016,쓰레기소각,0
10,2016,담뱃불실화,0
10,2016,성묘객실화,0
10,2016,어린이불장난,0
10,2016,건축물화재,0
10,2016,기타,1
10,2017,입산자실화,2
10,2017,논밭두렁등소각,0
10,2017,쓰레기소각,1
10,2017,담뱃불실화,0
10,2017,성묘객실화,0
10,2017,어린이불장난,0
10,2017,건축물화재,0
10,2017,기타,1
10,2018,입산자실화,5
10,2018,논밭두렁등소각,0
10,2018,쓰레기소각,0
10,2018,담뱃불실화,0
10,2018,성묘객실화,1
10,2018,어린이불장난,0
10,2018,건축물화재,1
10,2018,기타,2
10,2019,입산자실화,3
10,2019,논밭두렁등소각,0
10,2019,쓰레기소각,1
10,2019,담뱃불실화,0
10,2019,성묘객실화,0
10,2019,어린이불장난,0
10,2019,건축물화재,0
10,2019,기타,5
10,2020,입산자실화,25
10,2020,논밭두렁등소각,1
10,2020,쓰레기소각,2
10,2020,담뱃불실화,3
10,2020,성묘객실화,0
10,2020,어린이불장난,0
10,2020,건축물화재,0
10,2020,기타,4
10,2021,입산자실화,0
10,2021,논밭두렁등소각,0
10,2021,쓰레기소각,0
10,2021,담뱃불실화,0
10,2021,성묘객실화,0
10,2021,어린이불장난,0
10,2021,건축물화재,0
10,2021,기타,0
10,2022,입산자실화,10
10,2022,논밭두렁등소각,1
10,2022,쓰레기소각,1
10,2022,담뱃불실화,2
10,2022,성묘객실화,0
10,2022,건축물화재,0
10,2022,기타,10
10,2023,입산자실화,8
10,2023,논밭두렁등소각,0
10,2023,쓰레기소각,2
10,2023,담뱃불실화,1
10,2023,성묘객실화,0
10,2023,어린이불장난,0
10,2023,건축물화재,0
10,2023,기타,2
10,2024,입산자실화,0
10,2024,논밭두렁등소각,0
10,2024,쓰레기소각,0
10,2024,담뱃불실화,1
10,2024,성묘객실화,0
10,2024,어린이불장난,0
10,2024,건축물화재,0
10,2024,기타,1
10,2025,입산자실화,0
10,2025,논밭두렁등소각,0
10,2025,쓰레기소각,0
10,2025,담뱃불실화,0
10,2025,성묘객실화,0
10,2025,어린이불장난,0
10,2025,건축물화재,0
10,2025,기타,0
11,2006,입산자실화,11
11,2006,논밭두렁등소각,0
11,2006,쓰레기소각,5
11,2006,담뱃불실화,0
11,2006,성묘객실화,0
11,2006,어린이불장난,1
11,2006,건축물화재,0
11,2006,기타,6
11,2007,입산자실화,15
11,2007,논밭두렁등소각,0
11,2007,쓰레기소각,0
11,2007,담뱃불실화,2
11,2007,성묘객실화,0
11,2007,어린이불장난,0
11,2007,건축물화재,0
11,2007,기타,3
11,2008,입산자실화,29
11,2008,논밭두렁등소각,4
11,2008,쓰레기소각,4
11,2008,담뱃불실화,2
11,2008,성묘객실화,1
11,2008,어린이불장난,0
11,2008,건축물화재,1
11,2008,기타,4
11,2009,입산자실화,9
11,2009,논밭두렁등소각,2
11,2009,쓰레기소각,4
11,2009,담뱃불실화,2
11,2009,성묘객실화,0
11,2009,어린이불장난,0
11,2009,건축물화재,0
11,2009,기타,6
11,2010,입산자실화,31
11,2010,논밭두렁등소각,0
11,2010,쓰레기소각,4
11,2010,담뱃불실화,1
11,2010,성묘객실화,0
11,2010,어린이불장난,0
11,2010,건축물화재,0
11,2010,기타,8
11,2011,입산자실화,2
11,2011,논밭두렁등소각,1
11,2011,쓰레기소각,0
11,2011,담뱃불실화,2
11,2011,성묘객실화,0
11,2011,어린이불장난,0
11,2011,건축물화재,0
11,2011,기타,0
11,2012,입산자실화,5
11,2012,논밭두렁등소각,0
11,2012,쓰레기소각,0
11,2012,담뱃불실화,0
11,2012,성묘객실화,0
11,2012,어린이불장난,0
11,2012,건축물화재,0
11,2012,기타,0
11,2013,입산자실화,5
11,2013,논밭두렁등소각,0
11,2013,쓰레기소각,0
11,2013,담뱃불실화,1
11,2013,성묘객실화,0
11,2013,어린이불장난,0
11,2013,건축물화재,0
11,2013,기타,3
11,2014,입산자실화,7
11,2014,논밭두렁등소각,2
11,2014,쓰레기소각,1
11,2014,담뱃불실화,2
11,2014,성묘객실화,0
11,2014,어린이불장난,0
11,2014,건축물화재,1
11,2014,기타,6
11,2015,입산자실화,5
11,2015,논밭두렁등소각,1
11,2015,쓰레기소각,0
11,2015,담뱃불실화,0
11,2015,성묘객실화,0
11,2015,어린이불장난,0
11,2015,건축물화재,0
11,2015,기타,2
11,2016,입산자실화,2
11,2016,논밭두렁등소각,1
11,2016,쓰레기소각,0
11,2016,담뱃불실화,0
11,2016,성묘객실화,0
11,2016,어린이불장난,0
11,2016,건축물화재,0
11,2016,기타,6
11,2017,입산자실화,16
11,2017,논밭두렁등소각,3
11,2017,쓰레기소각,12
11,2017,담뱃불실화,2
11,2017,성묘객실화,1
11,2017,어린이불장난,0
11,2017,건축물화재,0
11,2017,기타,16
11,2018,입산자실화,3
11,2018,논밭두렁등소각,0
11,2018,쓰레기소각,3
11,2018,담뱃불실화,0
11,2018,성묘객실화,0
11,2018,어린이불장난,0
11,2018,건축물화재,0
11,2018,기타,7
11,2019,입산자실화,6
11,2019,논밭두렁등소각,0
11,2019,쓰레기소각,2
11,2019,담뱃불실화,0
11,2019,성묘객실화,0
11,2019,어린이불장난,0
11,2019,건축물화재,1
11,2019,기타,10
11,2020,입산자실화,22
11,2020,논밭두렁등소각,2
11,2020,쓰레기소각,4
11,2020,담뱃불실화,4
11,2020,성묘객실화,0
11,2020,어린이불장난,0
11,2020,건축물화재,6
11,2020,기타,8
11,2021,입산자실화,12
11,2021,논밭두렁등소각,0
11,2021,쓰레기소각,2
11,2021,담뱃불실화,3
11,2021,성묘객실화,0
11,2021,어린이불장난,0
11,2021,건축물화재,0
11,2021,기타,7
11,2022,입산자실화,16
11,2022,논밭두렁등소각,3
11,2022,쓰레기소각,4
11,2022,담뱃불실화,4
11,2022,성묘객실화,0
11,2022,건축물화재,2
11,2022,기타,18
11,2023,입산자실화,6
11,2023,논밭두렁등소각,1
11,2023,쓰레기소각,1
11,2023,담뱃불실화,0
11,2023,성묘객실화,0
11,2023,어린이불장난,0
11,2023,건축물화재,11
11,2023,기타,6
11,2024,입산자실화,2
11,2024,논밭두렁등소각,1
11,2024,쓰레기소각,1
11,2024,담뱃불실화,3
11,2024,성묘객실화,0
11,2024,어린이불장난,0
11,2024,건축물화재,1
11,2024,기타,10
11,2025,입산자실화,9
11,2025,논밭두렁등소각,1
11,2025,쓰레기소각,2
11,2025,담뱃불실화,2
11,2025,성묘객실화,0
11,2025,어린이불장난,0
11,2025,건축물화재,2
11,2025,기타,17
12,2006,입산자실화,5
12,2006,논밭두렁등소각,0
12,2006,쓰레기소각,1
12,2006,담뱃불실화,0
12,2006,성묘객실화,0
12,2006,어린이불장난,0
12,2006,건축물화재,0
12,2006,기타,3
12,2007,입산자실화,3
12,2007,논밭두렁등소각,0
12,2007,쓰레기소각,0
12,2007,담뱃불실화,1
12,2007,성묘객실화,0
12,2007,어린이불장난,0
12,2007,건축물화재,0
12,2007,기타,1
12,2008,입산자실화,10
12,2008,논밭두렁등소각,6
12,2008,쓰레기소각,3
12,2008,담뱃불실화,0
12,2008,성묘객실화,1
12,2008,어린이불장난,1
12,2008,건축물화재,2
12,2008,기타,6
12,2009,입산자실화,7
12,2009,논밭두렁등소각,1
12,2009,쓰레기소각,3
12,2009,담뱃불실화,2
12,2009,성묘객실화,0
12,2009,어린이불장난,0
12,2009,건축물화재,1
12,2009,기타,7
12,2010,입산자실화,27
12,2010,논밭두렁등소각,1
12,2010,쓰레기소각,4
12,2010,담뱃불실화,0
12,2010,성묘객실화,1
12,2010,어린이불장난,0
12,2010,건축물화재,4
12,2010,기타,3
12,2011,입산자실화,2
12,2011,논밭두렁등소각,0
12,2011,쓰레기소각,1
12,2011,담뱃불실화,0
12,2011,성묘객실화,0
12,2011,어린이불장난,0
12,2011,건축물화재,0
12,2011,기타,1
12,2012,입산자실화,1
12,2012,논밭두렁등소각,0
12,2012,쓰레기소각,1
12,2012,담뱃불실화,0
12,2012,성묘객실화,0
12,2012,어린이불장난,0
12,2012,건축물화재,0
12,2012,기타,0
12,2013,입산자실화,6
12,2013,논밭두렁등소각,1
12,2013,쓰레기소각,1
12,2013,담뱃불실화,1
12,2013,성묘객실화,0
12,2013,어린이불장난,0
12,2013,건축물화재,0
12,2013,기타,2
12,2014,입산자실화,2
12,2014,논밭두렁등소각,0
12,2014,쓰레기소각,1
12,2014,담뱃불실화,1
12,2014,성묘객실화,0
12,2014,어린이불장난,0
12,2014,건축물화재,0
12,2014,기타,0
12,2015,입산자실화,3
12,2015,논밭두렁등소각,0
12,2015,쓰레기소각,1
12,2015,담뱃불실화,1
12,2015,성묘객실화,0
12,2015,어린이불장난,0
12,2015,건축물화재,1
12,2015,기타,2
12,2016,입산자실화,7
12,2016,논밭두렁등소각,1
12,2016,쓰레기소각,0
12,2016,담뱃불실화,0
12,2016,성묘객실화,0
12,2016,어린이불장난,0
12,2016,건축물화재,1
12,2016,기타,3
12,2017,입산자실화,17
12,2017,논밭두렁등소각,2
12,2017,쓰레기소각,5
12,2017,담뱃불실화,2
12,2017,성묘객실화,3
12,2017,어린이불장난,0
12,2017,건축물화재,8
12,2017,기타,13
12,2018,입산자실화,4
12,2018,논밭두렁등소각,1
12,2018,쓰레기소각,7
12,2018,담뱃불실화,1
12,2018,성묘객실화,0
12,2018,어린이불장난,0
12,2018,건축물화재,3
12,2018,기타,16
12,2019,입산자실화,7
12,2019,논밭두렁등소각,3
12,2019,쓰레기소각,3
12,2019,담뱃불실화,1
12,2019,성묘객실화,0
12,2019,어린이불장난,0
12,2019,건축물화재,7
12,2019,기타,9
12,2020,입산자실화,12
12,2020,논밭두렁등소각,2
12,2020,쓰레기소각,4
12,2020,담뱃불실화,8
12,2020,성묘객실화,1
12,2020,어린이불장난,0
12,2020,건축물화재,5
12,2020,기타,14
12,2021,입산자실화,7
12,2021,논밭두렁등소각,0
12,2021,쓰레기소각,3
12,2021,담뱃불실화,1
12,2021,성묘객실화,0
12,2021,어린이불장난,0
12,2021,건축물화재,5
12,2021,기타,8
12,2022,입산자실화,15
12,2022,논밭두렁등소각,1
12,2022,쓰레기소각,1
12,2022,담뱃불실화,2
12,2022,성묘객실화,0
12,2022,건축물화재,9
12,2022,기타,9
12,2023,입산자실화,4
12,2023,논밭두렁등소각,1
12,2023,쓰레기소각,3
12,2023,담뱃불실화,1
12,2023,성묘객실화,0
12,2023,어린이불장난,0
12,2023,건축물화재,1
12,2023,기타,12
12,2024,입산자실화,5
12,2024,논밭두렁등소각,1
12,2024,쓰레기소각,5
12,2024,담뱃불실화,3
12,2024,성묘객실화,0
12,2024,어린이불장난,0
12,2024,건축물화재,2
12,2024,기타,15
12,2025,입산자실화,6
12,2025,논밭두렁등소각,0
12,2025,쓰레기소각,3
12,2025,담뱃불실화,0
12,2025,성묘객실화,0
12,2025,어린이불장난,0
12,2025,건축물화재,2
12,2025,기타,18
